150310043,01/31/2015,09:24 AM,2,SIMPLE ASSAULT,,,,,1024 S 21ST ST,43.020514,-87.93923939999999,/crime_data/AldermanicDistrict_12
150280024,01/28/2015,07:09 AM,2,SIMPLE ASSAULT,,,,,1521 W ROGERS ST,43.0083251,-87.93167009999999,/crime_data/AldermanicDistrict_12
150240026,01/24/2015,01:54 AM,2,SIMPLE ASSAULT,,,,,1027-A S 15TH ST,43.0205753,-87.93075809999999,/crime_data/AldermanicDistrict_12
150240127,01/24/2015,05:16 PM,2,SIMPLE ASSAULT,,,,,905 S 18TH ST,43.021854,-87.93592199999999,/crime_data/AldermanicDistrict_12
150240157,01/24/2015,08:24 PM,2,SIMPLE ASSAULT,,,,,1222 W CLEVELAND AV,42.9957235,-87.9281175,/crime_data/AldermanicDistrict_12
150190157,01/19/2015,08:26 PM,2,SIMPLE ASSAULT,,,,,1601 W NATIONAL AV,43.02300959999999,-87.9331002,/crime_data/AldermanicDistrict_12
150170088,01/17/2015,05:30 PM,2,SIMPLE ASSAULT,,,,,1558 S 10TH ST #UPR,39.9296508,-75.1615127,/crime_data/AldermanicDistrict_12
150160020,01/16/2015,02:40 AM,2,SIMPLE ASSAULT,,,,,503 W BRUCE ST #2,43.02525199999999,-87.9171207,/crime_data/AldermanicDistrict_12
143200022,01/14/2015,08:41 AM,2,SIMPLE ASSAULT,,,,,828 S 19TH ST,43.0220753,-87.9366256,/crime_data/AldermanicDistrict_12
150140014,01/14/2015,01:15 AM,2,SIMPLE ASSAULT,,,,,1961 S 15TH ST,43.0088257,-87.93122919999999,/crime_data/AldermanicDistrict_12
150140091,01/14/2015,04:36 PM,2,SIMPLE ASSAULT,,,,,1427-A W SCOTT ST,43.018811,-87.930149,/crime_data/AldermanicDistrict_12
150120009,01/12/2015,01:33 AM,2,SIMPLE ASSAULT,,,,,837-A W MADISON ST,43.017859,-87.922321,/crime_data/AldermanicDistrict_12
150120063,01/12/2015,12:13 PM,2,SIMPLE ASSAULT,,,,,828 W WINDLAKE AV #6,43.0100547,-87.92233019999999,/crime_data/AldermanicDistrict_12
150110095,01/11/2015,07:38 PM,2,SIMPLE ASSAULT,,,,,1505-A S 10TH ST,43.01586,-87.924328,/crime_data/AldermanicDistrict_12
150070065,01/07/2015,03:14 PM,2,SIMPLE ASSAULT,,,,,2471 S 13TH ST #1,42.999774,-87.92891399999999,/crime_data/AldermanicDistrict_12
150070078,01/07/2015,04:41 PM,2,SIMPLE ASSAULT,,,,,730 W MAPLE ST,43.0111749,-87.92089999999999,/crime_data/AldermanicDistrict_12
150060074,01/06/2015,04:15 PM,2,SIMPLE ASSAULT,,,,,527 W MAPLE ST,43.0109286,-87.9175995,/crime_data/AldermanicDistrict_12
150050041,01/05/2015,11:56 AM,2,SIMPLE ASSAULT,,,,,1974 S 20TH ST,43.0086307,-87.9379865,/crime_data/AldermanicDistrict_12
150050110,01/05/2015,09:57 PM,2,SIMPLE ASSAULT,,,,,2177 S 11TH ST,43.004798,-87.92608229999999,/crime_data/AldermanicDistrict_12
150050119,01/05/2015,09:45 PM,2,SIMPLE ASSAULT,,,,,1805 S 17TH ST,43.0110284,-87.9344958,/crime_data/AldermanicDistrict_12
150040097,01/04/2015,08:55 PM,2,SIMPLE ASSAULT,,,,,2054-B S 12TH ST,43.0070917,-87.9268643,/crime_data/AldermanicDistrict_12
150310014,01/31/2015,02:47 AM,3,SIMPLE ASSAULT,,,,,628 S 60TH ST #9,43.02547200000001,-87.987077,/crime_data/AldermanicDistrict_10
150310098,01/31/2015,06:02 PM,7,SIMPLE ASSAULT,,,,,2809 N 50TH ST,43.070033,-87.97651599999999,/crime_data/AldermanicDistrict_10
150260023,01/26/2015,07:38 AM,7,SIMPLE ASSAULT,,,,,7007 W BURLEIGH ST,43.0751672,-87.9994866,/crime_data/AldermanicDistrict_10
150260084,01/26/2015,03:54 PM,7,SIMPLE ASSAULT,,,,,6741 W KEEFE AVENUE PK,43.08181099999999,-87.9965579,/crime_data/AldermanicDistrict_10
150240144,01/24/2015,07:15 PM,7,SIMPLE ASSAULT,,,,,5000 W CHAMBERS ST,43.07436430000001,-87.9766983,/crime_data/AldermanicDistrict_10
150230095,01/23/2015,04:42 PM,7,SIMPLE ASSAULT,,,,,2724-A N 55TH ST,43.0686127,-87.9818057,/crime_data/AldermanicDistrict_10
150210143,01/21/2015,08:51 PM,3,SIMPLE ASSAULT,,,,,151 S 84TH ST,43.029591,-88.01902299999999,/crime_data/AldermanicDistrict_10
150200011,01/20/2015,01:57 AM,3,SIMPLE ASSAULT,,,,,454 N 39TH ST #5,43.0360428,-87.96240379999999,/crime_data/AldermanicDistrict_10
150190100,01/19/2015,03:22 PM,3,SIMPLE ASSAULT,,,,,417 N 39TH ST #1,43.0352638,-87.96309719999999,/crime_data/AldermanicDistrict_10
150180086,01/18/2015,01:38 PM,3,SIMPLE ASSAULT,,,,,300 S 69TH ST,43.029231,-87.998294,/crime_data/AldermanicDistrict_10
150180124,01/18/2015,08:30 PM,7,SIMPLE ASSAULT,,,,,5609 W BURLEIGH ST,43.0751529,-87.9834282,/crime_data/AldermanicDistrict_10
150160057,01/16/2015,11:37 AM,3,SIMPLE ASSAULT,,,,,151 S 84TH ST #2,43.029591,-88.01902299999999,/crime_data/AldermanicDistrict_10
150150102,01/15/2015,05:54 PM,7,SIMPLE ASSAULT,,,,,2947 N 56TH ST,43.07271679999999,-87.9834265,/crime_data/AldermanicDistrict_10
150140011,01/14/2015,01:52 AM,7,SIMPLE ASSAULT,,,,,3018 N 55TH ST,43.073968,-87.981703,/crime_data/AldermanicDistrict_10
150140015,01/14/2015,03:29 AM,7,SIMPLE ASSAULT,,,,,6798 W APPLETON AV #205,43.0816521,-87.99685869999999,/crime_data/AldermanicDistrict_10
150120155,01/12/2015,10:13 PM,7,SIMPLE ASSAULT,,,,,2749 N 59TH ST,43.06914279999999,-87.9865698,/crime_data/AldermanicDistrict_10
150110106,01/11/2015,08:59 PM,7,SIMPLE ASSAULT,,,,,3826 N 76TH ST #5,43.0869169,-88.0069458,/crime_data/AldermanicDistrict_10
150110109,01/11/2015,09:20 PM,3,SIMPLE ASSAULT,,,,,1626 N 57TH ST,43.052235,-87.983868,/crime_data/AldermanicDistrict_10
150070112,01/07/2015,10:30 PM,3,SIMPLE ASSAULT,,,,,2607 N 51ST ST,43.06633129999999,-87.9777579,/crime_data/AldermanicDistrict_10
150070002,01/06/2015,11:38 PM,7,SIMPLE ASSAULT,,,,,3435 N 60TH ST #129,43.0817393,-87.9872276,/crime_data/AldermanicDistrict_10
150070007,01/06/2015,11:14 PM,7,SIMPLE ASSAULT,,,,,6960 W APPLETON AV #2,43.0841009,-87.998902,/crime_data/AldermanicDistrict_10
150050033,01/05/2015,08:40 AM,7,SIMPLE ASSAULT,,,,,2875 N 57TH ST,43.0714472,-87.98448030000002,/crime_data/AldermanicDistrict_10
150010065,01/01/2015,08:45 AM,3,SIMPLE ASSAULT,,,,,2503 N 51ST ST,43.064421,-87.977869,/crime_data/AldermanicDistrict_10
150250115,01/25/2015,07:25 PM,6,SIMPLE ASSAULT,,,,,4601 S 1ST ST #228,30.2180056,-97.7748191,/crime_data/AldermanicDistrict_13
150230115,01/23/2015,11:12 PM,6,SIMPLE ASSAULT,,,,,343-B E WATERFORD AV,42.96937399999999,-87.90576290000001,/crime_data/AldermanicDistrict_13
150200114,01/20/2015,05:16 PM,6,SIMPLE ASSAULT,,,,,5267 S 13TH ST,42.948833,-87.929793,/crime_data/AldermanicDistrict_13
150180054,01/18/2015,09:36 AM,6,SIMPLE ASSAULT,,,,,2317 W HOWARD AV #1,42.9736409,-87.9441439,/crime_data/AldermanicDistrict_13
150170104,01/17/2015,07:13 PM,6,SIMPLE ASSAULT,,,,,5665 S 13TH ST #4,42.941761,-87.92984899999999,/crime_data/AldermanicDistrict_13
150140126,01/14/2015,07:30 PM,6,SIMPLE ASSAULT,,,,,5851 S 19TH CT,42.93298859999999,-87.9379706,/crime_data/AldermanicDistrict_13
150130062,01/13/2015,12:21 PM,6,SIMPLE ASSAULT,,,,,3469 S 20TH ST,42.981456,-87.93907999999999,/crime_data/AldermanicDistrict_13
150040053,01/04/2015,12:30 PM,6,SIMPLE ASSAULT,,,,,3606 S 20TH ST,42.979054,-87.938391,/crime_data/AldermanicDistrict_13
150310084,01/31/2015,04:31 PM,3,SIMPLE ASSAULT,,,,,2631 N 41ST ST,43.066776,-87.964882,/crime_data/AldermanicDistrict_15
150270162,01/27/2015,10:37 PM,3,SIMPLE ASSAULT,,,,,2608 N 45TH ST,43.066335,-87.96964799999999,/crime_data/AldermanicDistrict_15
150280108,01/27/2015,04:31 PM,3,SIMPLE ASSAULT,,,,,1600 W NORTH AV,43.0604306,-87.93265199999999,/crime_data/AldermanicDistrict_15
150260150,01/26/2015,09:51 PM,3,SIMPLE ASSAULT,,,,,2116 N 36TH ST,43.057887,-87.95842499999999,/crime_data/AldermanicDistrict_15
150250057,01/25/2015,11:58 AM,3,SIMPLE ASSAULT,,,,,4221 W NORTH AV #304,43.0604847,-87.96613669999999,/crime_data/AldermanicDistrict_15
150250094,01/25/2015,05:15 PM,3,SIMPLE ASSAULT,,,,,3500 W NORTH AV,43.060874,-87.957736,/crime_data/AldermanicDistrict_15
150250133,01/25/2015,09:26 PM,3,SIMPLE ASSAULT,,,,,2500 N 35TH ST,43.0643852,-87.95724159999999,/crime_data/AldermanicDistrict_15
150240022,01/24/2015,01:58 AM,3,SIMPLE ASSAULT,,,,,2621 N 49TH ST,43.06661,-87.9752051,/crime_data/AldermanicDistrict_15
150230015,01/23/2015,01:33 AM,3,SIMPLE ASSAULT,,,,,2542-B N 51ST ST,43.06532929999999,-87.9772888,/crime_data/AldermanicDistrict_15
150200010,01/20/2015,02:08 AM,3,SIMPLE ASSAULT,,,,,2560 N 40TH ST #LWR,43.065607,-87.96305900000002,/crime_data/AldermanicDistrict_15
150190176,01/19/2015,07:47 PM,3,SIMPLE ASSAULT,,,,,1350 W NORTH AV,43.0607318,-87.9294121,/crime_data/AldermanicDistrict_15
150140045,01/14/2015,10:43 AM,3,SIMPLE ASSAULT,,,,,1847 N 36TH ST,43.054257,-87.959108,/crime_data/AldermanicDistrict_15
150130005,01/13/2015,01:45 AM,7,SIMPLE ASSAULT,,,,,2836 N 39TH ST,43.0705219,-87.96181899999999,/crime_data/AldermanicDistrict_15
150130140,01/13/2015,10:34 PM,3,SIMPLE ASSAULT,,,,,1530-B N 14TH ST,43.05066799999999,-87.92961799999999,/crime_data/AldermanicDistrict_15
150110010,01/11/2015,02:17 AM,3,SIMPLE ASSAULT,,,,,2547 N 36TH ST,43.065318,-87.95898500000001,/crime_data/AldermanicDistrict_15
150100056,01/10/2015,03:44 PM,3,SIMPLE ASSAULT,,,,,2682-B N 18TH ST,43.0675328,-87.93500089999999,/crime_data/AldermanicDistrict_15
150100084,01/10/2015,08:34 PM,3,SIMPLE ASSAULT,,,,,2551 N 13TH ST,43.0651565,-87.9278322,/crime_data/AldermanicDistrict_15
150100086,01/10/2015,08:24 PM,3,SIMPLE ASSAULT,,,,,2478-B N 12TH ST,43.063871,-87.926603,/crime_data/AldermanicDistrict_15
150090022,01/09/2015,06:30 AM,3,SIMPLE ASSAULT,,,,,2430 N 40TH ST,43.063134,-87.96309699999999,/crime_data/AldermanicDistrict_15
150050010,01/04/2015,11:56 PM,3,SIMPLE ASSAULT,,,,,3940 W LISBON AV #213,43.0555258,-87.962769,/crime_data/AldermanicDistrict_15
150310037,01/31/2015,09:31 AM,7,SIMPLE ASSAULT,,,,,7726 W CENTER ST #2,43.06821110000001,-88.0096683,/crime_data/AldermanicDistrict_5
150310083,01/31/2015,03:20 PM,7,SIMPLE ASSAULT,,,,,7900 W APPLETON AV,43.0988946,-88.01077719999999,/crime_data/AldermanicDistrict_5
150290052,01/29/2015,08:49 AM,4,SIMPLE ASSAULT,,,,,6658 N BOURBON ST,43.1377104,-88.03807139999999,/crime_data/AldermanicDistrict_5
150290109,01/29/2015,03:18 PM,4,SIMPLE ASSAULT,,,,,5146 N 105TH ST #12,41.305988,-96.07798,/crime_data/AldermanicDistrict_5
150290143,01/29/2015,07:41 PM,7,SIMPLE ASSAULT,DESTRUCTION/DAMAGE/VANDALISM OF PROPERTY,,,,4355 N 104TH ST #210,43.096623,-88.04142519999999,/crime_data/AldermanicDistrict_5
150280056,01/28/2015,11:43 AM,4,SIMPLE ASSAULT,,,,,10143 W KIEHNAU AV,43.135617,-88.039238,/crime_data/AldermanicDistrict_5
150260075,01/26/2015,12:29 PM,4,SIMPLE ASSAULT,,,,,11745 W BRADLEY RD,43.1625896,-88.0572797,/crime_data/AldermanicDistrict_5
150240036,01/24/2015,02:53 AM,4,SIMPLE ASSAULT,,,,,5305 N LOVERS LANE RD #111,43.114024,-88.0564349,/crime_data/AldermanicDistrict_5
150240040,01/24/2015,04:00 AM,4,SIMPLE ASSAULT,DESTRUCTION/DAMAGE/VANDALISM OF PROPERTY,,,,6626 N BOURBON ST #8,43.1372039,-88.038455,/crime_data/AldermanicDistrict_5
150230128,01/23/2015,07:23 PM,4,SIMPLE ASSAULT,,,,,5104 N LOVERS LANE RD #10,43.1092308,-88.0551563,/crime_data/AldermanicDistrict_5
150220122,01/22/2015,11:14 PM,4,SIMPLE ASSAULT,,,,,5206 N LOVERS LANE RD #2,43.1122814,-88.0556163,/crime_data/AldermanicDistrict_5
150190027,01/19/2015,06:07 AM,4,SIMPLE ASSAULT,,,,,6462 N 107TH ST,43.135335,-88.04482399999999,/crime_data/AldermanicDistrict_5
150110036,01/11/2015,10:51 AM,4,SIMPLE ASSAULT,,,,,9101 W GOOD HOPE RD,43.1485388,-88.0254035,/crime_data/AldermanicDistrict_5
150110069,01/11/2015,05:06 PM,4,SIMPLE ASSAULT,,,,,5172 N LOVERS LANE RD #2,43.1121749,-88.0556125,/crime_data/AldermanicDistrict_5
150100071,01/10/2015,07:01 PM,7,SIMPLE ASSAULT,,,,,8701 W CHAMBERS ST,43.0726156,-88.0215412,/crime_data/AldermanicDistrict_5
150090078,01/09/2015,05:07 PM,4,SIMPLE ASSAULT,DESTRUCTION/DAMAGE/VANDALISM OF PROPERTY,,,,10219 W FOND DU LAC AV #124,43.1395104,-88.0397922,/crime_data/AldermanicDistrict_5
150040075,01/04/2015,04:05 PM,4,SIMPLE ASSAULT,,,,,6444-B N 101ST ST,43.135065,-88.037539,/crime_data/AldermanicDistrict_5
150290147,01/29/2015,08:03 PM,2,SIMPLE ASSAULT,,,,,906-A S 26TH ST,43.0215924,-87.9462053,/crime_data/AldermanicDistrict_8
150280061,01/28/2015,12:29 PM,2,SIMPLE ASSAULT,,,,,2108 W BECHER ST,43.006896,-87.940039,/crime_data/AldermanicDistrict_8
150280073,01/28/2015,12:25 PM,2,SIMPLE ASSAULT,,,,,1614 S 35TH ST,43.0137021,-87.9573525,/crime_data/AldermanicDistrict_8
150280155,01/28/2015,09:36 PM,2,SIMPLE ASSAULT,,,,,2011 W LAPHAM ST,43.0139822,-87.9385697,/crime_data/AldermanicDistrict_8
150250054,01/25/2015,10:21 AM,2,SIMPLE ASSAULT,,,,,2017 W FOREST HOME AV,43.006219,-87.938508,/crime_data/AldermanicDistrict_8
150230122,01/23/2015,07:47 PM,2,SIMPLE ASSAULT,,,,,1988 S MUSKEGO AV,43.0086497,-87.9409342,/crime_data/AldermanicDistrict_8
150190103,01/19/2015,03:50 PM,2,SIMPLE ASSAULT,,,,,2034 W LAPHAM ST,43.0143588,-87.93917739999999,/crime_data/AldermanicDistrict_8
150070004,01/07/2015,12:10 AM,2,SIMPLE ASSAULT,,,,,1622-B S 21ST ST,43.01366710000001,-87.9393468,/crime_data/AldermanicDistrict_8
150030087,01/03/2015,05:12 PM,2,SIMPLE ASSAULT,,,,,1970 S LAYTON BL,43.008839,-87.947554,/crime_data/AldermanicDistrict_8
150010163,01/01/2015,10:41 PM,2,SIMPLE ASSAULT,,,,,2032-B S 28TH ST,43.0078273,-87.94897720000002,/crime_data/AldermanicDistrict_8
150310018,01/31/2015,05:02 AM,4,SIMPLE ASSAULT,,,,,6607 W SHERIDAN AV,43.1183117,-87.99363079999999,/crime_data/AldermanicDistrict_2
150290062,01/29/2015,10:34 AM,7,SIMPLE ASSAULT,,,,,4141 N 64TH ST,43.0931028,-87.9933058,/crime_data/AldermanicDistrict_2
150280016,01/28/2015,02:14 AM,4,SIMPLE ASSAULT,,,,,8822 W WINFIELD AV,43.133161,-88.02237099999999,/crime_data/AldermanicDistrict_2
150270002,01/27/2015,12:23 AM,7,SIMPLE ASSAULT,,,,,6301 W CONGRESS ST,43.096988,-87.99090199999999,/crime_data/AldermanicDistrict_2
150260129,01/26/2015,07:50 PM,7,SIMPLE ASSAULT,,,,,7421 W GRANTOSA DR,43.110995,-88.0041485,/crime_data/AldermanicDistrict_2
150240024,01/24/2015,01:51 AM,7,SIMPLE ASSAULT,,,,,8015 W VILLARD AV #LWR,43.1119638,-88.01118369999999,/crime_data/AldermanicDistrict_2
150240134,01/24/2015,06:01 PM,4,SIMPLE ASSAULT,,,,,6372 N 89TH ST #1,43.133595,-88.02262499999999,/crime_data/AldermanicDistrict_2
150230062,01/23/2015,01:18 PM,7,SIMPLE ASSAULT,,,,,7307 W BECKETT AV #2,43.0906301,-88.0034039,/crime_data/AldermanicDistrict_2
150220008,01/22/2015,01:18 AM,4,SIMPLE ASSAULT,,,,,9200 W SWAN CR,43.1212855,-88.0273797,/crime_data/AldermanicDistrict_2
150180002,01/18/2015,01:01 AM,4,SIMPLE ASSAULT,,,,,8945 W MONROVIA AV #2,43.131708,-88.024345,/crime_data/AldermanicDistrict_2
150180033,01/18/2015,04:10 AM,4,SIMPLE ASSAULT,DISORDERLY CONDUCT,,,,7720 W BENDER AV #1,43.13259,-88.008023,/crime_data/AldermanicDistrict_2
150260060,01/18/2015,06:49 PM,7,SIMPLE ASSAULT,,,,,6800 W HAMPTON AV,43.1049492,-87.9968954,/crime_data/AldermanicDistrict_2
150140053,01/14/2015,09:58 AM,7,SIMPLE ASSAULT,,,,,4625 N 74TH ST,43.101484,-88.00487299999999,/crime_data/AldermanicDistrict_2
150130022,01/13/2015,07:57 AM,4,SIMPLE ASSAULT,,,,,9231 W BIRCH AV #3,36.8410688,-119.9049679,/crime_data/AldermanicDistrict_2
150130119,01/13/2015,07:48 PM,4,SIMPLE ASSAULT,,,,,5469 N 91ST ST #3,43.117451,-88.026335,/crime_data/AldermanicDistrict_2
150100050,01/10/2015,02:49 PM,4,SIMPLE ASSAULT,,,,,6362 N 84TH ST #6,40.72184499999999,-73.87032599999999,/crime_data/AldermanicDistrict_2
150090091,01/09/2015,07:40 PM,7,SIMPLE ASSAULT,,,,,5704 W CAPITOL DR,43.0902445,-87.98445339999999,/crime_data/AldermanicDistrict_2
150050079,01/05/2015,03:48 PM,7,SIMPLE ASSAULT,,,,,5141 N 85TH ST #3,43.11134699999999,-88.017366,/crime_data/AldermanicDistrict_2
150040018,01/04/2015,02:21 AM,7,SIMPLE ASSAULT,,,,,7401 W HOPE AV,43.093323,-88.004426,/crime_data/AldermanicDistrict_2
150040088,01/04/2015,06:18 PM,4,SIMPLE ASSAULT,,,,,8316 W SHERIDAN AV #4,43.114433,-88.015625,/crime_data/AldermanicDistrict_2
150010030,01/01/2015,03:17 AM,7,SIMPLE ASSAULT,,,,,3866 N 52ND ST,43.0876367,-87.9783793,/crime_data/AldermanicDistrict_2
150010103,01/01/2015,01:24 PM,4,SIMPLE ASSAULT,,,,,5355 N 51ST BL,43.1150539,-87.9766116,/crime_data/AldermanicDistrict_2
150010149,01/01/2015,08:23 PM,4,SIMPLE ASSAULT,,,,,9632 W APPLETON AV,43.1174755,-88.0313851,/crime_data/AldermanicDistrict_2
150010150,01/01/2015,08:26 PM,7,SIMPLE ASSAULT,,,,,4657 N 67TH ST,43.102065,-87.995909,/crime_data/AldermanicDistrict_2
150300076,01/30/2015,01:58 PM,4,SIMPLE ASSAULT,,,,,7501 N GRANVILLE RD,43.1542943,-88.03211089999999,/crime_data/AldermanicDistrict_9
150240008,01/24/2015,12:26 AM,4,SIMPLE ASSAULT,,,,,8411 N 102ND CT,43.170905,-88.03760799999999,/crime_data/AldermanicDistrict_9
150230108,01/23/2015,06:47 PM,4,SIMPLE ASSAULT,,,,,9009 N 75TH ST #5,40.68712,-73.86523199999999,/crime_data/AldermanicDistrict_9
150200118,01/20/2015,04:41 PM,4,SIMPLE ASSAULT,,,,,9200 N 75TH ST,43.1847366,-88.00353,/crime_data/AldermanicDistrict_9
150200144,01/20/2015,08:10 PM,4,SIMPLE ASSAULT,,,,,9413 W BRADLEY RD,43.1627978,-88.02913819999999,/crime_data/AldermanicDistrict_9
150190122,01/19/2015,04:52 PM,4,SIMPLE ASSAULT,,,,,9620 W BEATRICE ST #104,43.1797486,-88.0319882,/crime_data/AldermanicDistrict_9
150190148,01/19/2015,07:14 PM,4,SIMPLE ASSAULT,,,,,8544 N 106TH ST #2,43.172888,-88.0424029,/crime_data/AldermanicDistrict_9
150170108,01/17/2015,08:08 PM,4,SIMPLE ASSAULT,,,,,8029 W GREEN TREE RD,43.141122,-88.011414,/crime_data/AldermanicDistrict_9
150150085,01/15/2015,03:43 PM,4,SIMPLE ASSAULT,DESTRUCTION/DAMAGE/VANDALISM OF PROPERTY,,,,5851 N 60TH ST,43.124071,-87.986381,/crime_data/AldermanicDistrict_9
150130007,01/13/2015,01:34 AM,4,SIMPLE ASSAULT,,,,,9307 W MANOR CT,43.18418399999999,-88.025172,/crime_data/AldermanicDistrict_9
150130029,01/13/2015,08:22 AM,4,SIMPLE ASSAULT,,,,,5325 N 48TH ST,43.114412,-87.972931,/crime_data/AldermanicDistrict_9
150100069,01/10/2015,04:56 PM,4,SIMPLE ASSAULT,,,,,9040 N JOYCE AV,43.181767,-88.01658499999999,/crime_data/AldermanicDistrict_9
150090108,01/09/2015,09:18 PM,4,SIMPLE ASSAULT,,,,,8100 W BROWN DEER RD,43.1783139,-88.0111795,/crime_data/AldermanicDistrict_9
150080020,01/08/2015,09:53 AM,4,SIMPLE ASSAULT,,,,,9219-K N 75TH ST,43.1863007,-88.0033062,/crime_data/AldermanicDistrict_9
150040019,01/04/2015,02:20 AM,4,SIMPLE ASSAULT,,,,,5664 N 62ND ST,43.120931,-87.987994,/crime_data/AldermanicDistrict_9
150030015,01/03/2015,12:18 AM,4,SIMPLE ASSAULT,,,,,6245 W SILVER SPRING DR,43.11934309999999,-87.9910964,/crime_data/AldermanicDistrict_9
150030098,01/03/2015,06:07 PM,4,SIMPLE ASSAULT,,,,,5709 N 55TH PL,43.121685,-87.981995,/crime_data/AldermanicDistrict_9
150030001,01/02/2015,11:29 PM,4,SIMPLE ASSAULT,,,,,9591 W ALLYN ST #101,43.183278,-88.0303519,/crime_data/AldermanicDistrict_9
150010108,01/01/2015,01:42 PM,4,SIMPLE ASSAULT,,,,,4325 W CUSTER AV,43.1153251,-87.96728499999999,/crime_data/AldermanicDistrict_9
150310050,01/31/2015,11:31 AM,6,SIMPLE ASSAULT,,,,,8221-1 W OKLAHOMA AV,42.9881829,-88.0156475,/crime_data/AldermanicDistrict_11
150280164,01/28/2015,11:22 PM,6,SIMPLE ASSAULT,,,,,3795 S 27TH ST,42.9766809,-87.9485541,/crime_data/AldermanicDistrict_11
150270072,01/27/2015,09:18 AM,6,SIMPLE ASSAULT,,,,,2800 W HOWARD AV,42.9742729,-87.95007199999999,/crime_data/AldermanicDistrict_11
150260094,01/26/2015,04:52 PM,6,SIMPLE ASSAULT,,,,,2461 S 43RD ST #APT20,42.9996229,-87.9677214,/crime_data/AldermanicDistrict_11
150260105,01/26/2015,05:51 PM,6,SIMPLE ASSAULT,,,,,2910 S 61ST ST #UPR,42.991739,-87.988698,/crime_data/AldermanicDistrict_11
150230119,01/23/2015,07:13 PM,6,SIMPLE ASSAULT,,,,,7326 W HONEY CREEK DR #4,42.9860475,-88.0037432,/crime_data/AldermanicDistrict_11
150130116,01/13/2015,05:22 PM,6,SIMPLE ASSAULT,,,,,3846 S MINER ST,42.9752705,-87.9536076,/crime_data/AldermanicDistrict_11
150100015,01/10/2015,03:04 AM,6,SIMPLE ASSAULT,,,,,6105 W ARIZONA CT,42.9925513,-87.9893249,/crime_data/AldermanicDistrict_11
150090068,01/09/2015,04:54 PM,6,SIMPLE ASSAULT,,,,,3656 S 97TH ST,42.977907,-88.033513,/crime_data/AldermanicDistrict_11
150060132,01/06/2015,10:37 PM,6,SIMPLE ASSAULT,,,,,3806 S 52ND ST,42.975488,-87.979022,/crime_data/AldermanicDistrict_11
150050017,01/05/2015,02:56 AM,6,SIMPLE ASSAULT,,,,,7818 W MORGAN AV #2,42.981305,-88.01109199999999,/crime_data/AldermanicDistrict_11
150050002,01/04/2015,11:48 PM,6,SIMPLE ASSAULT,,,,,5613-G W MORGAN AV,42.9810937,-87.9846264,/crime_data/AldermanicDistrict_11
150030108,01/03/2015,07:42 PM,6,SIMPLE ASSAULT,,,,,3625 S 76TH ST,42.978641,-88.008348,/crime_data/AldermanicDistrict_11
150310015,01/31/2015,03:55 AM,5,SIMPLE ASSAULT,,,,,3261 N 8TH ST,43.07789400000001,-87.921588,/crime_data/AldermanicDistrict_6
150310105,01/31/2015,02:46 PM,5,SIMPLE ASSAULT,,,,,3060 N 7TH ST,43.074378,-87.919358,/crime_data/AldermanicDistrict_6
150300105,01/30/2015,06:29 PM,5,SIMPLE ASSAULT,,,,,3272 N 5TH ST #LWR,43.078152,-87.916637,/crime_data/AldermanicDistrict_6
150300114,01/30/2015,05:01 PM,5,SIMPLE ASSAULT,,,,,1555 W CHAMBERS ST,43.0729597,-87.9326619,/crime_data/AldermanicDistrict_6
150300139,01/30/2015,11:19 PM,5,SIMPLE ASSAULT,,,,,3920-A N 22ND ST,43.0884025,-87.93923439999999,/crime_data/AldermanicDistrict_6
150290160,01/29/2015,09:02 PM,5,SIMPLE ASSAULT,,,,,3453 N 11TH ST,43.0812864,-87.9250935,/crime_data/AldermanicDistrict_6
150280074,01/28/2015,12:52 PM,5,SIMPLE ASSAULT,,,,,3318-A N 17TH ST,43.0795,-87.931945,/crime_data/AldermanicDistrict_6
150280085,01/28/2015,03:24 PM,5,SIMPLE ASSAULT,DESTRUCTION/DAMAGE/VANDALISM OF PROPERTY,,,,514 W VIENNA AV,43.0856629,-87.9165232,/crime_data/AldermanicDistrict_6
150280163,01/28/2015,09:51 PM,5,SIMPLE ASSAULT,,,,,216 E LOCUST ST,43.071399,-87.908874,/crime_data/AldermanicDistrict_6
150250005,01/25/2015,12:43 AM,5,SIMPLE ASSAULT,,,,,3347 N 4TH ST,43.079878,-87.91548,/crime_data/AldermanicDistrict_6
150250040,01/25/2015,07:23 AM,5,SIMPLE ASSAULT,,,,,1315 W LOCUST ST,43.0709554,-87.9279901,/crime_data/AldermanicDistrict_6
150250052,01/25/2015,08:47 AM,5,SIMPLE ASSAULT,,,,,3317 N 13TH ST,43.0794181,-87.92763950000001,/crime_data/AldermanicDistrict_6
150250128,01/25/2015,08:59 PM,5,SIMPLE ASSAULT,,,,,1812 W LOCUST ST #LWR,38.1367899,-121.2959037,/crime_data/AldermanicDistrict_6
150240075,01/24/2015,10:37 AM,5,SIMPLE ASSAULT,LIQUOR LAW VIOLATIONS,,,,1540 W GROELING AV,43.0722136,-87.9319211,/crime_data/AldermanicDistrict_6
150240076,01/24/2015,10:46 AM,5,SIMPLE ASSAULT,,,,,1335 W GROELING AV,43.0719262,-87.9285974,/crime_data/AldermanicDistrict_6
150240156,01/24/2015,07:32 PM,5,SIMPLE ASSAULT,,,,,409 E CHAMBERS ST,43.07274,-87.90607399999999,/crime_data/AldermanicDistrict_6
150180091,01/18/2015,02:54 PM,5,SIMPLE ASSAULT,,,,,3535 N 10TH ST,43.082452,-87.923924,/crime_data/AldermanicDistrict_6
150180123,01/18/2015,09:11 PM,5,SIMPLE ASSAULT,,,,,2920 N 4TH ST,43.0716362,-87.91514149999999,/crime_data/AldermanicDistrict_6
150170052,01/17/2015,09:48 AM,5,SIMPLE ASSAULT,,,,,3469 N 2ND ST,43.081771,-87.912774,/crime_data/AldermanicDistrict_6
150130016,01/13/2015,07:28 AM,5,SIMPLE ASSAULT,,,,,821 W GALENA ST #488,46.011762,-112.548317,/crime_data/AldermanicDistrict_6
150120157,01/12/2015,10:42 PM,5,SIMPLE ASSAULT,,,,,3412 N 24TH ST,43.0815837,-87.9419163,/crime_data/AldermanicDistrict_6
150110029,01/11/2015,09:29 AM,5,SIMPLE ASSAULT,,,,,3183-A N 14TH ST,43.0767584,-87.9288703,/crime_data/AldermanicDistrict_6
150110104,01/11/2015,08:29 PM,5,SIMPLE ASSAULT,,,,,726 W GALENA ST #103,43.0514302,-87.920659,/crime_data/AldermanicDistrict_6
150100051,01/10/2015,11:40 AM,5,SIMPLE ASSAULT,,,,,3637 N 19TH ST,43.084432,-87.934884,/crime_data/AldermanicDistrict_6
150100054,01/10/2015,03:18 PM,5,SIMPLE ASSAULT,,,,,135 E KEEFE AV #6,43.0818817,-87.909689,/crime_data/AldermanicDistrict_6
150090114,01/09/2015,10:54 PM,5,SIMPLE ASSAULT,DESTRUCTION/DAMAGE/VANDALISM OF PROPERTY,,,,3053 N 10TH ST,43.074254,-87.924229,/crime_data/AldermanicDistrict_6
150090115,01/09/2015,10:08 PM,5,SIMPLE ASSAULT,,,,,2974-A N 19TH ST,43.0730227,-87.9365595,/crime_data/AldermanicDistrict_6
150050099,01/05/2015,05:48 PM,5,SIMPLE ASSAULT,,,,,3247 N BUFFUM ST,43.077619,-87.906747,/crime_data/AldermanicDistrict_6
150030009,01/03/2015,12:19 AM,5,SIMPLE ASSAULT,,,,,2536 N RICHARDS ST,43.0647397,-87.90755449999999,/crime_data/AldermanicDistrict_6
150020119,01/02/2015,03:57 PM,5,SIMPLE ASSAULT,,,,,3386 N 21ST ST,43.080763,-87.938159,/crime_data/AldermanicDistrict_6
150010021,01/01/2015,02:15 AM,5,SIMPLE ASSAULT,,,,,2642-A N 2ND ST,43.066714,-87.912149,/crime_data/AldermanicDistrict_6
150010123,01/01/2015,03:56 PM,1,SIMPLE ASSAULT,,,,,900 W FOND DU LAC AVE,43.0527113,-87.9285654,/crime_data/AldermanicDistrict_6
150310004,01/30/2015,11:52 PM,5,SIMPLE ASSAULT,,,,,720 E BURLEIGH ST,43.0747419,-87.9019816,/crime_data/AldermanicDistrict_3
150290164,01/29/2015,09:43 PM,1,SIMPLE ASSAULT,,,,,3471-A N OAKLAND AV,43.0810868,-87.8880733,/crime_data/AldermanicDistrict_3
150250141,01/25/2015,01:57 AM,1,SIMPLE ASSAULT,DISORDERLY CONDUCT,,,,1580 N FARWELL AV #105,43.051038,-87.89363,/crime_data/AldermanicDistrict_3
150210008,01/21/2015,12:33 AM,5,SIMPLE ASSAULT,,,,,2932 N WEIL ST,43.0718318,-87.89886709999999,/crime_data/AldermanicDistrict_3
150210017,01/21/2015,03:51 AM,1,SIMPLE ASSAULT,,,,,2122 N OAKLAND AV,43.0585426,-87.8882173,/crime_data/AldermanicDistrict_3
150150003,01/15/2015,05:18 AM,1,SIMPLE ASSAULT,,,,,2463-C N BARTLETT AV,43.06282969999999,-87.8895235,/crime_data/AldermanicDistrict_3
150120151,01/12/2015,09:29 PM,5,SIMPLE ASSAULT,,,,,601 E CHAMBERS ST,43.0727786,-87.90380429999999,/crime_data/AldermanicDistrict_3
150090104,01/09/2015,09:22 PM,5,SIMPLE ASSAULT,,,,,2610 N HOLTON ST,43.06600210000001,-87.9050982,/crime_data/AldermanicDistrict_3
150030102,01/03/2015,07:22 PM,1,SIMPLE ASSAULT,,,,,724 E PEARSON ST,43.05386970000001,-87.90236139999999,/crime_data/AldermanicDistrict_3
150010133,01/01/2015,05:07 PM,1,SIMPLE ASSAULT,,,,,1824-A N MARSHALL ST,43.055032,-87.90055799999999,/crime_data/AldermanicDistrict_3
150300043,01/30/2015,08:10 AM,6,SIMPLE ASSAULT,,,,,3875 S CLEMENT AV,42.973958,-87.8948838,/crime_data/AldermanicDistrict_14
150270128,01/27/2015,08:43 PM,2,SIMPLE ASSAULT,DISORDERLY CONDUCT,,,,2648-A S 6TH ST,42.9967413,-87.9188992,/crime_data/AldermanicDistrict_14
150260125,01/26/2015,07:19 PM,6,SIMPLE ASSAULT,,,,,3233 S 8TH ST,42.9857734,-87.9218667,/crime_data/AldermanicDistrict_14
150260154,01/26/2015,10:12 PM,6,SIMPLE ASSAULT,,,,,3346 S WHITNALL AV #12,42.9836189,-87.9050395,/crime_data/AldermanicDistrict_14
150230048,01/23/2015,10:40 AM,6,SIMPLE ASSAULT,,,,,329 E LINCOLN AV,43.002628,-87.9060049,/crime_data/AldermanicDistrict_14
150210005,01/21/2015,12:13 AM,6,SIMPLE ASSAULT,,,,,2161 S ALLIS ST,43.0046466,-87.9043366,/crime_data/AldermanicDistrict_14
150190146,01/19/2015,07:10 PM,6,SIMPLE ASSAULT,,,,,4030 S AUSTIN ST,42.970809,-87.90527999999999,/crime_data/AldermanicDistrict_14
150180037,01/18/2015,03:49 AM,6,SIMPLE ASSAULT,,,,,720 E RUSSELL AV,42.9956554,-87.89985779999999,/crime_data/AldermanicDistrict_14
150140039,01/14/2015,09:52 AM,6,SIMPLE ASSAULT,,,,,2751 S LENOX ST,42.9945571,-87.89874490000001,/crime_data/AldermanicDistrict_14
150140107,01/14/2015,06:00 PM,2,SIMPLE ASSAULT,,,,,2676 S 9TH PL,42.99595,-87.92341800000001,/crime_data/AldermanicDistrict_14
150130134,01/13/2015,09:34 PM,2,SIMPLE ASSAULT,,,,,575 W BECHER ST,43.0062349,-87.91837799999999,/crime_data/AldermanicDistrict_14
150130141,01/13/2015,10:35 PM,6,SIMPLE ASSAULT,,,,,3155 S CLEMENT AV #UPR,42.9870935,-87.8945492,/crime_data/AldermanicDistrict_14
150120138,01/12/2015,07:32 PM,2,SIMPLE ASSAULT,,,,,2545-A S 6TH ST,42.998174,-87.91920999999999,/crime_data/AldermanicDistrict_14
150090044,01/09/2015,12:25 PM,6,SIMPLE ASSAULT,,,,,3119 S 10TH ST,42.987709,-87.925513,/crime_data/AldermanicDistrict_14
150090088,01/09/2015,05:33 PM,2,SIMPLE ASSAULT,,,,,1131 W CLEVELAND AV #2,42.9954654,-87.9270942,/crime_data/AldermanicDistrict_14
150010102,01/01/2015,01:34 PM,2,SIMPLE ASSAULT,,,,,2566 S 6TH ST,42.997755,-87.91856899999999,/crime_data/AldermanicDistrict_14
150300037,01/30/2015,07:38 AM,5,SIMPLE ASSAULT,,,,,2208 W LOCUST ST #6,43.0716088,-87.9401804,/crime_data/AldermanicDistrict_7
150300085,01/30/2015,03:43 PM,5,SIMPLE ASSAULT,,,,,2306-B W CHAMBERS ST,43.073297,-87.9412031,/crime_data/AldermanicDistrict_7
150300119,01/30/2015,07:25 PM,5,SIMPLE ASSAULT,,,,,2306 W CHAMBERS ST,43.073297,-87.9412031,/crime_data/AldermanicDistrict_7
150300136,01/30/2015,10:41 PM,5,SIMPLE ASSAULT,,,,,3235 N 24TH ST,43.077716,-87.942623,/crime_data/AldermanicDistrict_7
150290118,01/29/2015,06:16 PM,7,SIMPLE ASSAULT,,,,,4454 N 40TH ST,43.098293,-87.962476,/crime_data/AldermanicDistrict_7
150280161,01/28/2015,10:53 PM,5,SIMPLE ASSAULT,,,,,3853 N 26TH ST,43.0873327,-87.946094,/crime_data/AldermanicDistrict_7
150270131,01/27/2015,06:44 PM,7,SIMPLE ASSAULT,,,,,4126-B W BURLEIGH ST,43.075443,-87.9652739,/crime_data/AldermanicDistrict_7
150260006,01/26/2015,12:53 AM,5,SIMPLE ASSAULT,DISORDERLY CONDUCT,,,,3384 N 28TH ST #5,43.0809729,-87.9482022,/crime_data/AldermanicDistrict_7
150260022,01/26/2015,07:00 AM,7,SIMPLE ASSAULT,,,,,4715 N 41ST ST,43.102942,-87.96423200000001,/crime_data/AldermanicDistrict_7
150260040,01/26/2015,09:52 AM,5,SIMPLE ASSAULT,,,,,3031 W CAPITOL DR #2,43.089492,-87.95162599999999,/crime_data/AldermanicDistrict_7
150260103,01/26/2015,05:04 PM,7,SIMPLE ASSAULT,,,,,4533 N 36TH ST #203,43.0996724,-87.95837689999999,/crime_data/AldermanicDistrict_7
150250024,01/25/2015,03:46 AM,7,SIMPLE ASSAULT,,,,,3173 N 41ST ST,43.076803,-87.964731,/crime_data/AldermanicDistrict_7
150250105,01/25/2015,06:03 PM,5,SIMPLE ASSAULT,,,,,2825 N 24TH PL,43.07029,-87.944,/crime_data/AldermanicDistrict_7
150250139,01/25/2015,10:45 PM,7,SIMPLE ASSAULT,,,,,3242 N 35TH ST,43.0779799,-87.956926,/crime_data/AldermanicDistrict_7
150240114,01/24/2015,01:20 PM,7,SIMPLE ASSAULT,,,,,4231 W CAPITOL DR,43.0896032,-87.9664323,/crime_data/AldermanicDistrict_7
150240130,01/24/2015,07:01 PM,7,SIMPLE ASSAULT,,,,,3817 N 35TH ST #217,43.0868754,-87.9573302,/crime_data/AldermanicDistrict_7
150240151,01/24/2015,07:48 PM,7,SIMPLE ASSAULT,,,,,4563 N 41ST ST,43.100318,-87.964283,/crime_data/AldermanicDistrict_7
150230020,01/23/2015,04:16 AM,7,SIMPLE ASSAULT,,,,,3338 N 42ND ST,43.080028,-87.965161,/crime_data/AldermanicDistrict_7
150200007,01/20/2015,12:41 AM,5,SIMPLE ASSAULT,,,,,3812 N 26TH ST,43.08652,-87.945517,/crime_data/AldermanicDistrict_7
150200086,01/20/2015,02:43 PM,3,SIMPLE ASSAULT,,,,,3294 N 30TH ST,43.07900799999999,-87.950631,/crime_data/AldermanicDistrict_7
150200089,01/20/2015,03:17 PM,5,SIMPLE ASSAULT,DESTRUCTION/DAMAGE/VANDALISM OF PROPERTY,,,,2847 N 24TH PL,43.0707359,-87.943992,/crime_data/AldermanicDistrict_7
150190005,01/19/2015,12:55 AM,5,SIMPLE ASSAULT,,,,,3623 N 26TH ST,43.0841889,-87.9461505,/crime_data/AldermanicDistrict_7
150190073,01/19/2015,01:29 PM,7,SIMPLE ASSAULT,,,,,2741 N 48TH ST #UPR,43.068865,-87.974036,/crime_data/AldermanicDistrict_7
150200005,01/19/2015,11:14 PM,7,SIMPLE ASSAULT,,,,,3062-A N 40TH ST,43.07471,-87.962935,/crime_data/AldermanicDistrict_7
150180017,01/18/2015,01:54 AM,7,SIMPLE ASSAULT,,,,,4941 N 56TH ST,43.10744200000001,-87.982918,/crime_data/AldermanicDistrict_7
150160136,01/16/2015,08:27 PM,7,SIMPLE ASSAULT,,,,,4779 N 37TH ST #UPR,43.104298,-87.959383,/crime_data/AldermanicDistrict_7
150160137,01/16/2015,08:27 PM,5,SIMPLE ASSAULT,,,,,3853 N 26TH ST,43.0873327,-87.946094,/crime_data/AldermanicDistrict_7
150140024,01/14/2015,06:50 AM,7,SIMPLE ASSAULT,,,,,4475 N HOPKINS ST #16,43.0986717,-87.9577546,/crime_data/AldermanicDistrict_7
150140108,01/14/2015,02:44 PM,7,SIMPLE ASSAULT,,,,,4550 N 48TH ST #11,43.0999634,-87.9727334,/crime_data/AldermanicDistrict_7
150130112,01/13/2015,06:33 PM,5,SIMPLE ASSAULT,,,,,2525 W CAPITOL DR #3,43.0895822,-87.9455516,/crime_data/AldermanicDistrict_7
150120145,01/12/2015,08:16 PM,5,SIMPLE ASSAULT,,,,,2420-A W HADLEY ST,43.0698544,-87.94306630000001,/crime_data/AldermanicDistrict_7
150110030,01/11/2015,09:34 AM,7,SIMPLE ASSAULT,,,,,4764 N 35TH ST,43.1040176,-87.9565875,/crime_data/AldermanicDistrict_7
150110084,01/11/2015,06:02 PM,7,SIMPLE ASSAULT,,,,,3353 N SHERMAN BL #UPR,43.080246,-87.967748,/crime_data/AldermanicDistrict_7
150110116,01/11/2015,10:12 PM,7,SIMPLE ASSAULT,TRESPASSING,,,,4550 N 48TH ST #11,43.0999634,-87.9727334,/crime_data/AldermanicDistrict_7
150090014,01/09/2015,03:21 AM,7,SIMPLE ASSAULT,,,,,3529 N 39TH ST,43.08317599999999,-87.96249499999999,/crime_data/AldermanicDistrict_7
150080011,01/08/2015,02:58 AM,5,SIMPLE ASSAULT,,,,,2837-A N 24TH ST,43.0705255,-87.9426228,/crime_data/AldermanicDistrict_7
150070040,01/07/2015,11:20 AM,7,SIMPLE ASSAULT,,,,,2851 N 44TH ST,43.0708866,-87.96903329999999,/crime_data/AldermanicDistrict_7
150070081,01/07/2015,04:51 PM,5,SIMPLE ASSAULT,,,,,2843 N 24TH PL,43.07064099999999,-87.94399399999999,/crime_data/AldermanicDistrict_7
150060133,01/06/2015,10:04 PM,7,SIMPLE ASSAULT,,,,,4611-B N 38TH ST,43.1010855,-87.9607271,/crime_data/AldermanicDistrict_7
150030002,01/02/2015,11:22 PM,5,SIMPLE ASSAULT,,,,,2501 W AUER AV,43.0768127,-87.9449078,/crime_data/AldermanicDistrict_7
150010039,01/01/2015,05:25 AM,7,SIMPLE ASSAULT,,,,,5635 W VILLARD AV,43.1118217,-87.9834455,/crime_data/AldermanicDistrict_7
150310012,01/31/2015,02:31 AM,1,SIMPLE ASSAULT,,,,,1122 N EDISON ST,43.04483760000001,-87.91201,/crime_data/AldermanicDistrict_4
150260010,01/26/2015,02:21 AM,3,SIMPLE ASSAULT,,,,,2725 W KILBOURN AV #302,43.0415406,-87.94850079999999,/crime_data/AldermanicDistrict_4
150250074,01/25/2015,01:07 PM,3,SIMPLE ASSAULT,,,,,2900 W HIGHLAND BL #205,43.045004,-87.950898,/crime_data/AldermanicDistrict_4
150220006,01/22/2015,12:20 AM,3,SIMPLE ASSAULT,,,,,1229-B W MC KINLEY AV,43.046971,-87.928101,/crime_data/AldermanicDistrict_4
150220048,01/22/2015,12:02 PM,3,SIMPLE ASSAULT,,,,,743 N 25TH ST #10,43.039623,-87.9453769,/crime_data/AldermanicDistrict_4
150210116,01/21/2015,03:53 PM,1,SIMPLE ASSAULT,,,,,1015 N 10TH ST,43.0436571,-87.9248343,/crime_data/AldermanicDistrict_4
150190136,01/19/2015,05:51 PM,3,SIMPLE ASSAULT,,,,,520 N 20TH ST,43.0367797,-87.9373359,/crime_data/AldermanicDistrict_4
150190169,01/19/2015,09:50 PM,3,SIMPLE ASSAULT,,,,,2104 W CHERRY ST,43.0500084,-87.93903410000001,/crime_data/AldermanicDistrict_4
150180005,01/18/2015,12:03 AM,3,SIMPLE ASSAULT,,,,,1145 N CALLAHAN PL #308,43.0450003,-87.9322546,/crime_data/AldermanicDistrict_4
150180103,01/18/2015,05:43 PM,3,SIMPLE ASSAULT,,,,,2725 W WISCONSIN AV,43.0385138,-87.9486017,/crime_data/AldermanicDistrict_4
150160043,01/16/2015,09:37 AM,3,SIMPLE ASSAULT,,,,,2408 W HIGHLAND AV,43.044687,-87.943291,/crime_data/AldermanicDistrict_4
150140082,01/14/2015,02:23 PM,3,SIMPLE ASSAULT,,,,,1110 N 17TH ST #214,43.0447464,-87.933674,/crime_data/AldermanicDistrict_4
150130024,01/13/2015,07:56 AM,3,SIMPLE ASSAULT,,,,,843 N 24TH ST #103,43.0412542,-87.9432384,/crime_data/AldermanicDistrict_4
150100008,01/10/2015,12:40 AM,3,SIMPLE ASSAULT,,,,,1109 N 18TH ST #908,41.5010947,-90.50986619999999,/crime_data/AldermanicDistrict_4
150090116,01/09/2015,10:52 PM,3,SIMPLE ASSAULT,,,,,2106 W CHERRY ST,43.0500085,-87.9390597,/crime_data/AldermanicDistrict_4
150080012,01/08/2015,04:37 AM,3,SIMPLE ASSAULT,,,,,2314 W WELLS ST,43.0404527,-87.9421285,/crime_data/AldermanicDistrict_4
150060007,01/06/2015,02:34 AM,1,SIMPLE ASSAULT,,,,,125 E WELLS ST #207,43.0406215,-87.9105373,/crime_data/AldermanicDistrict_4
150020006,01/02/2015,12:11 AM,3,SIMPLE ASSAULT,TRESPASSING,DESTRUCTION/DAMAGE/VANDALISM OF PROPERTY,,,2460 W KILBOURN AV,43.04182,-87.94473099999999,/crime_data/AldermanicDistrict_4
150020006,01/02/2015,12:11 AM,3,SIMPLE ASSAULT,,,,,2460 W KILBOURN AV,43.04182,-87.94473099999999,/crime_data/AldermanicDistrict_4
150020144,01/02/2015,08:10 PM,1,SIMPLE ASSAULT,,,,,951 N JAMES LOVELL ST,43.0426942,-87.9205807,/crime_data/AldermanicDistrict_4
143650004,01/01/2015,07:30 PM,1,SIMPLE ASSAULT,,,,,1131 N WATER ST,43.0453303,-87.91146080000001,/crime_data/AldermanicDistrict_4
150020124,01/01/2015,04:18 PM,3,SIMPLE ASSAULT,,,,,2830 W WISCONSIN AV,43.0390159,-87.950047,/crime_data/AldermanicDistrict_4
150310079,01/31/2015,04:01 PM,4,SIMPLE ASSAULT,DESTRUCTION/DAMAGE/VANDALISM OF PROPERTY,,,,3924-7 W GOOD HOPE RD,43.1494819,-87.9608336,/crime_data/AldermanicDistrict_1
150310103,01/31/2015,06:22 PM,4,SIMPLE ASSAULT,,,,,5633 N 27TH ST,43.119968,-87.946647,/crime_data/AldermanicDistrict_1
150300082,01/30/2015,02:56 PM,7,SIMPLE ASSAULT,DESTRUCTION/DAMAGE/VANDALISM OF PROPERTY,,,,5025 N 20TH ST,43.1089097,-87.9371254,/crime_data/AldermanicDistrict_1
150280021,01/28/2015,05:23 AM,4,SIMPLE ASSAULT,,,,,6092 N 36TH ST,43.1286586,-87.9570001,/crime_data/AldermanicDistrict_1
150280083,01/28/2015,03:20 PM,7,SIMPLE ASSAULT,DESTRUCTION/DAMAGE/VANDALISM OF PROPERTY,,,,4857 N 19TH PL,43.105623,-87.935723,/crime_data/AldermanicDistrict_1
150280123,01/28/2015,06:42 PM,5,SIMPLE ASSAULT,,,,,2605 W VICTORY LA #4,43.1012517,-87.9458105,/crime_data/AldermanicDistrict_1
150250046,01/25/2015,09:55 AM,4,SIMPLE ASSAULT,,,,,5611 N 40TH ST #7,43.1195879,-87.9625112,/crime_data/AldermanicDistrict_1
150250067,01/25/2015,01:01 PM,5,SIMPLE ASSAULT,,,,,3000 W CAPITOL DR #202,43.090046,-87.95077479999999,/crime_data/AldermanicDistrict_1
150240039,01/24/2015,04:36 AM,5,SIMPLE ASSAULT,DESTRUCTION/DAMAGE/VANDALISM OF PROPERTY,,,,2517 W GLENDALE AV,43.100749,-87.9430003,/crime_data/AldermanicDistrict_1
150240171,01/24/2015,09:43 PM,5,SIMPLE ASSAULT,,,,,2523 W GLENDALE AV,43.1007501,-87.9430242,/crime_data/AldermanicDistrict_1
150240172,01/24/2015,10:35 PM,7,SIMPLE ASSAULT,,,,,4925-B N 20TH ST,43.10711999999999,-87.9372379,/crime_data/AldermanicDistrict_1
150230118,01/23/2015,07:28 PM,7,SIMPLE ASSAULT,,,,,2107-A W HAMPTON AV,43.10408899999999,-87.9384929,/crime_data/AldermanicDistrict_1
150220089,01/22/2015,06:26 PM,4,SIMPLE ASSAULT,,,,,4051 W SILVER SPRING DR,43.1191441,-87.9628944,/crime_data/AldermanicDistrict_1
150220114,01/22/2015,09:55 PM,7,SIMPLE ASSAULT,,,,,5051 N 50TH ST,43.109468,-87.97548499999999,/crime_data/AldermanicDistrict_1
150210063,01/21/2015,11:06 AM,5,SIMPLE ASSAULT,,,,,4550 N TEUTONIA AV,43.1004168,-87.9444767,/crime_data/AldermanicDistrict_1
150200014,01/20/2015,03:24 AM,7,SIMPLE ASSAULT,,,,,4938 W HAMPTON AV #7,43.10505759999999,-87.9750534,/crime_data/AldermanicDistrict_1
150200124,01/20/2015,06:33 PM,4,SIMPLE ASSAULT,,,,,5876 N 32ND ST,43.124386,-87.952546,/crime_data/AldermanicDistrict_1
150190053,01/19/2015,10:59 AM,4,SIMPLE ASSAULT,,,,,6152 N SHERMAN BL,43.1299316,-87.9659643,/crime_data/AldermanicDistrict_1
150200009,01/19/2015,11:02 PM,7,SIMPLE ASSAULT,,,,,5072 N 48TH ST,43.109905,-87.9726293,/crime_data/AldermanicDistrict_1
150180142,01/18/2015,10:41 PM,7,SIMPLE ASSAULT,,,,,4820 N 37TH ST,43.105118,-87.958708,/crime_data/AldermanicDistrict_1
150170113,01/17/2015,08:08 PM,7,SIMPLE ASSAULT,,,,,4700 W HAMPTON AV,43.1047173,-87.97146459999999,/crime_data/AldermanicDistrict_1
150160019,01/16/2015,02:35 AM,7,SIMPLE ASSAULT,,,,,4809 W LUSCHER AV,43.1053174,-87.9730227,/crime_data/AldermanicDistrict_1
150160025,01/16/2015,05:25 AM,4,SIMPLE ASSAULT,,,,,5971 N 39TH ST #UPR,43.1263476,-87.961111,/crime_data/AldermanicDistrict_1
150160063,01/16/2015,12:05 PM,4,SIMPLE ASSAULT,,,,,5965 N 41ST ST,43.1261971,-87.9635943,/crime_data/AldermanicDistrict_1
150160079,01/16/2015,01:21 PM,4,SIMPLE ASSAULT,,,,,5746 N 41ST ST,43.122537,-87.963088,/crime_data/AldermanicDistrict_1
150160152,01/16/2015,10:03 PM,7,SIMPLE ASSAULT,,,,,4915 N 26TH ST,43.106998,-87.94570499999999,/crime_data/AldermanicDistrict_1
150150132,01/15/2015,08:57 PM,4,SIMPLE ASSAULT,,,,,3731 W FLORIST AV,43.12628600000001,-87.959537,/crime_data/AldermanicDistrict_1
150150154,01/15/2015,10:00 PM,5,SIMPLE ASSAULT,,,,,1908 W CAPITOL DR,43.0897758,-87.93479669999999,/crime_data/AldermanicDistrict_1
150140023,01/14/2015,06:12 AM,7,SIMPLE ASSAULT,,,,,2101 W PURDUE ST,43.1019222,-87.9385021,/crime_data/AldermanicDistrict_1
150140102,01/14/2015,05:31 PM,5,SIMPLE ASSAULT,,,,,4481-A N TEUTONIA AV,43.098607,-87.9439884,/crime_data/AldermanicDistrict_1
150140145,01/14/2015,10:59 PM,5,SIMPLE ASSAULT,,,,,4614 N TEUTONIA AV #101,43.1011299,-87.9444539,/crime_data/AldermanicDistrict_1
150130073,01/13/2015,01:56 PM,5,SIMPLE ASSAULT,,,,,4552 N TEUTONIA AV,43.1004198,-87.9444783,/crime_data/AldermanicDistrict_1
150130091,01/13/2015,03:57 PM,7,SIMPLE ASSAULT,,,,,4334 W EGGERT PL,43.111195,-87.967632,/crime_data/AldermanicDistrict_1
150130102,01/13/2015,04:38 PM,5,SIMPLE ASSAULT,,,,,4582 N TEUTONIA AV,43.1005516,-87.9445461,/crime_data/AldermanicDistrict_1
150120023,01/12/2015,04:39 AM,4,SIMPLE ASSAULT,,,,,3425 W SILVER SPRING DR,43.1189313,-87.9558794,/crime_data/AldermanicDistrict_1
150120153,01/12/2015,10:05 PM,7,SIMPLE ASSAULT,,,,,5178 N 39TH ST,43.1115387,-87.9612142,/crime_data/AldermanicDistrict_1
150110012,01/11/2015,03:00 AM,4,SIMPLE ASSAULT,,,,,3900 W GOOD HOPE RD #3,43.14903899999999,-87.960734,/crime_data/AldermanicDistrict_1
150110046,01/11/2015,11:21 AM,4,SIMPLE ASSAULT,,,,,6935 N TEUTONIA AV,43.1443881,-87.9554466,/crime_data/AldermanicDistrict_1
150110052,01/11/2015,01:07 PM,4,SIMPLE ASSAULT,,,,,5339 N 33RD ST,43.114619,-87.95429,/crime_data/AldermanicDistrict_1
150090043,01/09/2015,11:42 AM,4,SIMPLE ASSAULT,,,,,6852 N 42ND ST #3,43.1424726,-87.9641575,/crime_data/AldermanicDistrict_1
150080009,01/08/2015,02:28 AM,5,SIMPLE ASSAULT,,,,,2822 W ATKINSON AV #301,43.0985114,-87.9484933,/crime_data/AldermanicDistrict_1
150070013,01/07/2015,05:14 AM,4,SIMPLE ASSAULT,,,,,5411 N 37TH ST,43.1158996,-87.95912899999999,/crime_data/AldermanicDistrict_1
150080001,01/07/2015,11:12 PM,4,SIMPLE ASSAULT,,,,,2806 W BOBOLINK AV #4,43.12458789999999,-87.94802279999999,/crime_data/AldermanicDistrict_1
150050029,01/05/2015,08:57 AM,7,SIMPLE ASSAULT,,,,,4870 N 20TH ST,43.105933,-87.936279,/crime_data/AldermanicDistrict_1
150050117,01/05/2015,09:19 PM,4,SIMPLE ASSAULT,DESTRUCTION/DAMAGE/VANDALISM OF PROPERTY,,,,5436-A N 38TH ST,43.1164753,-87.95961630000001,/crime_data/AldermanicDistrict_1
150040090,01/04/2015,07:07 PM,4,SIMPLE ASSAULT,,,,,5550 N 35TH ST,43.118528,-87.9559079,/crime_data/AldermanicDistrict_1
150050101,01/04/2015,07:02 PM,5,SIMPLE ASSAULT,,,,,4360 N 14TH ST,43.096293,-87.92776599999999,/crime_data/AldermanicDistrict_1
150010035,01/01/2015,03:39 AM,7,SIMPLE ASSAULT,,,,,5151 N TEUTONIA AV,43.11087,-87.950214,/crime_data/AldermanicDistrict_1
150010053,01/01/2015,07:30 AM,4,SIMPLE ASSAULT,,,,,5437 N LONG ISLAND DR,43.115936,-87.938464,/crime_data/AldermanicDistrict_1
150010113,01/01/2015,02:15 PM,7,SIMPLE ASSAULT,,,,,4860 N 50TH ST,43.1062023,-87.9749542,/crime_data/AldermanicDistrict_1
